v,dt
22.9208449888,0.0196990966796875
22.827614796800002,0.01997208595275879
22.7365482784,0.02019190788269043
22.7365482784,0.02007293701171875
22.7365482784,0.02025318145751953
22.6482355264,0.022964000701904297
22.6042602016,0.016510963439941406
22.516582246400002,0.02105402946472168
22.516582246400002,0.019366025924682617
22.4292753344,0.019678831100463867
22.4292753344,0.020151138305664062
22.342330524799998,0.0199429988861084
22.342330524799998,0.020339012145996094
22.2557031136,0.020219802856445312
22.2557031136,0.01938605308532715
22.2125145792,0.02021193504333496
22.126423615999997,0.019681215286254883
22.126423615999997,0.019995927810668945
22.126423615999997,0.02002406120300293
22.0406858144,0.020315885543823242
22.0406858144,0.019845962524414062
21.9553011744,0.021471023559570312
21.9553011744,0.018548011779785156
21.870274166399998,0.020971059799194336
21.870274166399998,0.02005791664123535
21.7855913792,0.019912004470825195
21.7855913792,0.01896214485168457
21.701266224,0.020711898803710938
21.617280819199998,0.020741939544677734
21.617280819199998,0.018857955932617188
21.533648576,0.019651174545288086
21.533648576,0.020580053329467773
21.4503516128,0.02339482307434082
21.4503516128,0.016540050506591797
21.3674078112,0.01954793930053711
21.3674078112,0.020110130310058594
21.28480376,0.02067089080810547
21.28480376,0.019315004348754883
21.2025305184,0.02002716064453125
21.2025305184,0.020053863525390625
21.120592556800002,0.02185797691345215
21.0797509824,0.02136993408203125
21.0797509824,0.0169219970703125
20.998322646400002,0.019623994827270508
20.998322646400002,0.019968032836914062
20.91722512,0.02002716064453125
20.91722512,0.019997835159301758
20.8364628736,0.01988506317138672
20.8364628736,0.020553112030029297
20.7560269664,0.020434856414794922
20.7560269664,0.019299030303955078
20.6759173984,0.019743919372558594
20.6759173984,0.021792173385620117
20.59613864,0.019369840621948242
20.59613864,0.018920183181762695
20.516681750399997,0.019999980926513672
20.4770740064,0.020648956298828125
20.4770740064,0.02545905113220215
20.3981043904,0.015012979507446289
20.3981043904,0.01883387565612793
20.3981043904,0.022063016891479492
20.319465584,0.018284082412719727
20.2411397056,0.02531886100769043
20.2411397056,0.014933109283447266
20.1631312256,0.020622968673706055
20.1631312256,0.018851041793823242
20.1631312256,0.02010488510131836
20.085440144,0.022324085235595703
20.085440144,0.017401933670043945
19.9694958496,0.020121097564697266
19.9694958496,0.02003788948059082
19.892604969599997,0.02067399024963379
19.85427576,0.02057814598083496
19.85427576,0.01888585090637207
19.777849801600002,0.01975703239440918
19.777849801600002,0.019976139068603516
19.7017323008,0.03235983848571777
19.7017323008,0.009380102157592773
19.6259232576,0.018371105194091797
19.6259232576,0.019856929779052734
19.5504271424,0.020489931106567383
19.5504271424,0.019541025161743164
19.4752394848,0.02129507064819336
19.4752394848,0.020241975784301758
19.4003602848,0.01879096031188965
19.3257761312,0.027755022048950195
19.3257761312,0.012444019317626953
19.3257761312,0.019834041595458984
19.251509375999998,0.02320384979248047
19.251509375999998,0.018423080444335938
19.2144855232,0.01834702491760254
19.140665808,0.019917964935302734
19.140665808,0.019917011260986328
19.06715008,0.02087092399597168
19.06715008,0.019160985946655273
18.993929398400002,0.019973039627075195
18.993929398400002,0.02013993263244629
18.921008233600002,0.020080089569091797
18.921008233600002,0.019999980926513672
18.8483865856,0.020928144454956055
18.8483865856,0.01943492889404297
18.7760555136,0.019595861434936523
18.7400017376,0.02094411849975586
18.7400017376,0.019006013870239258
18.6681177056,0.020149946212768555
18.6681177056,0.019526958465576172
18.5965242496,0.02002406120300293
18.5965242496,0.020190000534057617
18.5252168992,0.0198819637298584
18.5252168992,0.020327091217041016
18.4542045952,0.0226900577545166
18.4542045952,0.01721978187561035
18.4542045952,0.019781112670898438
18.3834828672,0.02367997169494629
18.3834828672,0.01634812355041504
18.3482292928,0.020554780960083008
18.2779322528,0.021241188049316406
18.207930259199998,0.029018878936767578
18.207930259199998,0.009113073348999023
18.1382054304,0.027176856994628906
18.1382054304,0.012929201126098633
18.1034525408,0.019878864288330078
18.0341524,0.023946046829223633
18.0341524,0.0210111141204834
18.0341524,0.015218973159790039
17.9651428352,0.019691944122314453
17.9651428352,0.020097017288208008
17.8964104352,0.020192861557006836
17.8279552,0.021003007888793945
17.8279552,0.020040035247802734
17.8279552,0.019217967987060547
17.7597771296,0.019860029220581055
17.691880694399998,0.020039081573486328
17.691880694399998,0.026653051376342773
17.691880694399998,0.013011932373046875
17.691880694399998,0.02084803581237793
17.658035295999998,0.019357919692993164
17.590550137599998,0.0198209285736084
17.5233376736,0.02210521697998047
17.5233376736,0.017842769622802734
17.4564023744,0.02063918113708496
17.389739769600002,0.021131038665771484
17.389739769600002,0.018437862396240234
17.3233453888,0.02146005630493164
17.3233453888,0.018435001373291016
17.3233453888,0.020392894744873047
17.2572237024,0.019842147827148438
17.191374710399998,0.021112918853759766
17.191374710399998,0.019129037857055664
17.125789472,0.01961994171142578
17.125789472,0.02007007598876953
17.0604724576,0.020004987716674805
17.0604724576,0.019835948944091797
16.9954191968,0.020537137985229492
16.9954191968,0.020070791244506836
16.9306296896,0.019434213638305664
16.9306296896,0.02013087272644043
16.89833552,0.020368099212646484
16.8339438784,0.023345947265625
16.8339438784,0.016061067581176758
16.769811519999998,0.019870996475219727
16.769811519999998,0.020215988159179688
16.7059429152,0.020079851150512695
16.7059429152,0.020063161849975586
16.6423335936,0.02021193504333496
16.6423335936,0.019947052001953125
16.610625046400003,0.019624948501586914
16.610625046400003,0.023253917694091797
16.610625046400003,0.019860029220581055
16.610625046400003,0.016967058181762695
16.5158928,0.019823074340820312
16.5158928,0.020135879516601562
16.5158928,0.02089405059814453
16.4217282944,0.019289016723632812
16.4217282944,0.01976799964904785
16.4217282944,0.020244836807250977
16.4217282944,0.020031213760375977
16.4217282944,0.02016282081604004
16.359276806399997,0.02011704444885254
16.359276806399997,0.020225048065185547
16.2970756608,0.02342987060546875
16.2970756608,0.016010046005249023
16.235129328,0.019742965698242188
16.204247804799998,0.023917198181152344
16.204247804799998,0.01918792724609375
16.142681456,0.01718306541442871
16.142681456,0.02042984962463379
16.0813565088,0.019327163696289062
16.0202908448,0.020146846771240234
16.0202908448,0.019917964935302734
15.959466582400001,0.022677183151245117
15.8988926624,0.017717838287353516
15.8988926624,0.01973104476928711
15.8385646144,0.019767045974731445
15.7784824384,0.020220041275024414
15.7784824384,0.019768953323364258
15.7784824384,0.02035999298095703
15.718646134400002,0.019900083541870117
15.718646134400002,0.02019500732421875
15.659051232000001,0.020556926727294922
15.659051232000001,0.019443988800048828
15.599693260799999,0.019937992095947266
15.540585632,0.01969003677368164
15.540585632,0.020206928253173828
15.481714934400001,0.021157026290893555
15.481714934400001,0.018610000610351562
15.423081168,0.020097017288208008
15.3646888032,0.02003002166748047
15.3646888032,0.0210568904876709
15.3646888032,0.018980026245117188
15.30653784,0.02051091194152832
15.248614867199999,0.019533157348632812
15.248614867199999,0.020418882369995117
15.190933295999999,0.0200650691986084
15.190933295999999,0.019531965255737305
15.162179683199998,0.01978015899658203
15.104846803200001,0.022450923919677734
15.104846803200001,0.019717931747436523
15.104846803200001,0.01846599578857422
15.0477508544,0.01940011978149414
15.0477508544,0.020309925079345703
14.962540559999999,0.020566940307617188
14.962540559999999,0.019382953643798828
14.9060212928,0.019748210906982422
14.9060212928,0.020167827606201172
14.849734486400001,0.02008509635925293
14.849734486400001,0.01970696449279785
14.7936712,0.021260976791381836
14.7936712,0.019151926040649414
14.7378403744,0.020371198654174805
14.7378403744,0.0221099853515625
14.682237539199999,0.0173490047454834
14.682237539199999,0.019903898239135742
14.626858224,0.019754886627197266
14.626858224,0.02021002769470215
14.5717024288,0.019954204559326172
14.5717024288,0.02064800262451172
14.516774624,0.01964592933654785
14.516774624,0.019804954528808594
14.462070339199999,0.020160913467407227
14.462070339199999,0.019602060317993164
14.407585104,0.020733118057250977
14.407585104,0.019713878631591797
14.3533233888,0.0196840763092041
14.3533233888,0.02044391632080078
14.3262774688,0.020537137985229492
14.2723465632,0.02053689956665039
14.2723465632,0.019741058349609375
14.2186347072,0.01868605613708496
14.1651419008,0.02022385597229004
14.1651419008,0.019989013671875
14.111868144,0.02039194107055664
14.111868144,0.02024102210998535
14.058804496,0.026922941207885742
14.058804496,0.012466192245483398
14.058804496,0.019815921783447266
14.005964367999999,0.019982099533081055
13.9533343488,0.019936800003051758
13.9533343488,0.02023005485534668
13.900923379199998,0.020199060440063477
13.900923379199998,0.019886016845703125
13.848722518399999,0.019949913024902344
13.848722518399999,0.020174026489257812
13.848722518399999,0.019953012466430664
13.7967317664,0.01985907554626465
13.7967317664,0.020144939422607422
13.7449555936,0.02002692222595215
13.7449555936,0.020585060119628906
13.6933895296,0.019724130630493164
13.6420335744,0.020018815994262695
13.6420335744,0.022716045379638672
13.590887728,0.01697707176208496
13.590887728,0.023983001708984375
13.53994752,0.015620946884155273
13.53994752,0.02025008201599121
13.4892129504,0.020021915435791016
13.4892129504,0.02063608169555664
13.4639238976,0.019098997116088867
13.413502256,0.02420783042907715
13.413502256,0.016997098922729492
13.413502256,0.01966094970703125
13.3632817824,0.02050495147705078
13.3632817824,0.018596172332763672
13.313271417600001,0.020833969116210938
13.263457750399999,0.02381300926208496
13.263457750399999,0.015514850616455078
13.263457750399999,0.0211641788482666
13.213854192,0.019122838973999023
13.1644070976,0.020617961883544922
13.1644070976,0.019362211227416992
13.1644070976,0.02090597152709961
13.115165641599999,0.018672943115234375
13.115165641599999,0.020288944244384766
13.0661342944,0.020542144775390625
13.0661342944,0.0190279483795166
13.0173085856,0.020412921905517578
13.0173085856,0.019887924194335938
12.9686840448,0.020019054412841797
12.9686840448,0.020627975463867188
12.920260672000001,0.021574020385742188
12.920260672000001,0.017653942108154297
12.920260672000001,0.020089149475097656
12.847996656,0.020138978958129883
12.847996656,0.020308971405029297
12.800069497600001,0.02591991424560547
12.752343507199999,0.01566600799560547
12.752343507199999,0.01810598373413086
12.7048052736,0.020318031311035156
12.7048052736,0.019309043884277344
12.7048052736,0.02022099494934082
12.657468208,0.01991415023803711
12.6103233696,0.020056962966918945
12.6103233696,0.020112991333007812
12.586822476799998,0.0199739933013916
12.539963744000001,0.01988387107849121
12.539963744000001,0.021476030349731445
12.4932972384,0.018640995025634766
12.4932972384,0.019762039184570312
12.446822959999999,0.020009994506835938
12.446822959999999,0.020158052444458008
12.4005364384,0.01993703842163086
12.4005364384,0.01993584632873535
12.354442144,0.02007603645324707
12.354442144,0.020565032958984375
12.308531136,0.021745920181274414
12.308531136,0.017676115036010742
12.2856471584,0.020779848098754883
12.240017785600001,0.02250218391418457
12.240017785600001,0.017587900161743164
12.240017785600001,0.019025087356567383
12.194576169600001,0.020817041397094727
12.194576169600001,0.0195009708404541
12.14931784,0.02293086051940918
12.14931784,0.017362117767333984
12.1042427968,0.01958298683166504
12.1042427968,0.02014899253845215
12.05935104,0.021578073501586914
12.014642569600001,0.02759099006652832
12.014642569600001,0.01052093505859375
11.9701129152,0.02007603645324707
11.9701129152,0.020604848861694336
11.9701129152,0.019685983657836914
11.9701129152,0.02005314826965332
11.9036648896,0.020261049270629883
11.9036648896,0.019871950149536133
11.9036648896,0.019485950469970703
11.9036648896,0.020064115524291992
11.859591216,0.022044897079467773
11.815696358399999,0.01802206039428711
11.815696358399999,0.021142005920410156
11.7501871168,0.01935601234436035
11.7501871168,0.020509958267211914
11.7501871168,0.01921391487121582
11.7067348288,0.020003080368041992
11.7067348288,0.02029895782470703
11.7067348288,0.019968032836914062
11.7067348288,0.019475936889648438
11.663461356800001,0.020092010498046875
11.663461356800001,0.01987314224243164
11.663461356800001,0.020201921463012695
11.641891676799998,0.019945859909057617
11.5988819584,0.019884109497070312
11.5988819584,0.020128965377807617
11.5133855584,0.02213311195373535
11.5133855584,0.01787400245666504
11.4708988768,0.020025968551635742
11.4708988768,0.019768953323364258
11.4285865408,0.020154953002929688
11.4285865408,0.02374100685119629
11.4285865408,0.016318082809448242
11.386444079999999,0.023167848587036133
11.386444079999999,0.016946077346801758
11.3444714944,0.02001214027404785
11.3444714944,0.019794940948486328
11.302673254399998,0.020292043685913086
11.302673254399998,0.02312779426574707
11.28183672,0.017028093338012695
11.240288822399998,0.022845983505249023
11.240288822399998,0.017513036727905273
11.198915270399999,0.032037973403930664
11.198915270399999,0.022129058837890625
11.1577026528,0.01588296890258789
11.1577026528,0.008881092071533203
11.1166643808,0.020143985748291016
11.1166643808,0.020212888717651367
11.1166643808,0.01971602439880371
11.075791513599999,0.02057790756225586
11.075791513599999,0.019581079483032227
11.075791513599999,0.02003312110900879
11.0350840512,0.019781827926635742
11.0350840512,0.02080512046813965
10.994546464,0.019295930862426758
10.994546464,0.01997089385986328
10.994546464,0.02025914192199707
10.9743357856,0.020873069763183594
10.934039599999998,0.022038936614990234
10.8939132896,0.02602100372314453
10.8939132896,0.010868072509765625
10.8939132896,0.020756959915161133
10.8539434432,0.020242929458618164
10.8539434432,0.019862890243530273
10.8141390016,0.019287109375
10.8141390016,0.019737958908081055
10.7744954944,0.020158052444458008
10.735017392,0.02067708969116211
10.735017392,0.019676923751831055
10.735017392,0.01967597007751465
10.695695753599999,0.020576000213623047
10.695695753599999,0.0191500186920166
10.6760930496,0.020292997360229492
10.6760930496,0.020112991333007812
10.6370128128,0.01975703239440918
10.59808904,0.021751880645751953
10.59808904,0.018774986267089844
10.59808904,0.01960015296936035
10.5593262016,0.019894838333129883
10.5593262016,0.020165205001831055
10.520719827199999,0.021020889282226562
10.4822743872,0.018702983856201172
10.4822743872,0.020473957061767578
10.4439809408,0.01990509033203125
10.4439809408,0.02005600929260254
10.4439809408,0.020405054092407227
10.4439809408,0.02172994613647461
10.4058439584,0.017531871795654297
10.4058439584,0.02004718780517578
10.36786344,0.019879817962646484
10.36786344,0.022338151931762695
10.2923628544,0.02010488510131836
10.2923628544,0.017634153366088867
10.254842787200001,0.019981861114501953
10.254842787200001,0.02113509178161621
10.2174747136,0.01889204978942871
10.2174747136,0.021384000778198242
10.180258633600001,0.01923680305480957
10.180258633600001,0.021926164627075195
10.1431945472,0.017611026763916016
10.1431945472,0.01972484588623047
10.106282454399999,0.02186417579650879
10.106282454399999,0.018242835998535156
10.106282454399999,0.020611047744750977
10.0695178848,0.02113795280456543
10.0695178848,0.020003080368041992
10.0329053088,0.018249988555908203
9.996440256,0.019893884658813477
9.996440256,0.02003312110900879
9.9601227264,0.024650096893310547
9.923952719999999,0.01607680320739746
9.923952719999999,0.020081043243408203
9.869972639999999,0.021487951278686523
9.869972639999999,0.01879596710205078
9.869972639999999,0.019489049911499023
9.869972639999999,0.020481109619140625
9.834173676799999,0.01984405517578125
9.834173676799999,0.019455909729003906
9.7985177664,0.019720077514648438
9.7985177664,0.022114992141723633
9.7985177664,0.01871800422668457
9.763004908800001,0.02262091636657715
9.763004908800001,0.016614913940429688
9.7276395744,0.02023911476135254
9.7276395744,0.019643068313598633
9.6924172928,0.01997995376586914
9.6924172928,0.020161867141723633
9.6573335936,0.0198822021484375
9.6573335936,0.020216941833496094
9.6223974176,0.020061016082763672
9.6223974176,0.019804000854492188
9.5356716576,0.05689096450805664
9.5356716576,0.020802974700927734
9.501231696,0.01471710205078125
9.4840608896,0.022246837615966797
9.4840608896,0.00489497184753418
9.4840608896,0.005160093307495117
9.43276752,0.016702890396118164
9.43276752,0.021407127380371094
9.43276752,0.01760101318359375
9.43276752,0.020227909088134766
9.3987433056,0.021409034729003906
9.364862144,0.018338918685913086
9.364862144,0.020313024520874023
9.331110624,0.019260168075561523
9.331110624,0.02004384994506836
9.2975021568,0.019930124282836914
9.2975021568,0.020535945892333984
9.264027801600001,0.020463943481445312
9.264027801600001,0.020280122756958008
9.2306920288,0.020895004272460938
9.2306920288,0.018069982528686523
9.2306920288,0.0246889591217041
9.2306920288,0.020858049392700195
9.2306920288,0.014426946640014648
9.2306920288,0.020678043365478516
9.197490368,0.01971292495727539
9.197490368,0.01984405517578125
9.1809409472,0.025931835174560547
9.1479404544,0.017414093017578125
9.1479404544,0.01600193977355957
9.115078544,0.024813175201416016
9.115078544,0.0155029296875
9.115078544,0.020242929458618164
9.082346275199999,0.019791126251220703
9.0497481184,0.020663022994995117
9.0497481184,0.019952774047851562
9.017284073599999,0.02124500274658203
9.017284073599999,0.017948150634765625
9.017284073599999,0.021519899368286133
9.0011012256,0.018573999404907227
9.0011012256,0.020431041717529297
8.9688338784,0.019889116287231445
8.9688338784,0.020226001739501953
8.9367006432,0.021528005599975586
8.9367006432,0.02159285545349121
8.9046970496,0.01630711555480957
8.9046970496,0.020226001739501953
8.872818627200001,0.0197598934173584
8.872818627200001,0.019845008850097656
8.872818627200001,0.020735979080200195
8.8410743168,0.019804000854492188
8.8410743168,0.02009296417236328
8.8252491008,0.02021503448486328
8.793697017600001,0.02052593231201172
8.793697017600001,0.021461009979248047
8.762274576000001,0.01798701286315918
8.762274576000001,0.022863149642944336
8.730981776,0.020061969757080078
8.730981776,0.016568899154663086
8.730981776,0.020342111587524414
8.6998141472,0.02129387855529785
8.6998141472,0.0189211368560791
8.6687716896,0.0196988582611084
8.6687716896,0.020045995712280273
8.6687716896,0.020728111267089844
8.6532996352,0.018732070922851562
8.622444934399999,0.02010798454284668
8.622444934399999,0.020488977432250977
8.5764042848,0.019433021545410156
8.5764042848,0.020465850830078125
8.5764042848,0.02393317222595215
8.5764042848,0.015530824661254883
8.5611199872,0.021912097930908203
8.5306408,0.018388032913208008
8.5306408,0.020486831665039062
8.5002912544,0.02184319496154785
8.5002912544,0.01743793487548828
8.5002912544,0.02434992790222168
8.4700579392,0.01786494255065918
8.439954265599999,0.018207073211669922
8.439954265599999,0.020174026489257812
8.4099712928,0.019305944442749023
8.4099712928,0.01998615264892578
8.4099712928,0.01999497413635254
8.3801090208,0.020236968994140625
8.3801090208,0.020320892333984375
8.3652225888,0.02328014373779297
8.3355436032,0.016130924224853516
8.3355436032,0.02095794677734375
8.3355436032,0.01963496208190918
8.3059853184,0.01999807357788086
8.3059853184,0.02048206329345703
8.276543263999999,0.019058942794799805
8.276543263999999,0.020841121673583984
8.247226380799999,0.019325971603393555
8.247226380799999,0.019878864288330078
8.218025727999999,0.020615100860595703
8.218025727999999,0.019464969635009766
8.188945775999999,0.019795894622802734
8.188945775999999,0.020518064498901367
8.1599820544,0.019865989685058594
8.1599820544,0.019921064376831055
8.1311390336,0.019968032836914062
8.1311390336,0.021524906158447266
8.1024122432,0.018471956253051758
8.1024122432,0.019764184951782227
8.073801683200001,0.02044200897216797
8.073801683200001,0.026181936264038086
8.0453073536,0.013891935348510742
8.0027804384,0.020685911178588867
8.0027804384,0.0188901424407959
8.0027804384,0.019973039627075195
8.0027804384,0.020109891891479492
7.9745766848,0.021168947219848633
7.9745766848,0.0197451114654541
7.9464846912,0.019057035446166992
7.9324878688,0.02170395851135254
7.9045702208,0.018426895141601562
7.9045702208,0.021052122116088867
7.8767688032,0.01866006851196289
7.8767688032,0.02054882049560547
7.849074675200001,0.020168066024780273
7.849074675200001,0.020347118377685547
7.821501248000001,0.019374847412109375
7.821501248000001,0.021496057510375977
7.821501248000001,0.01906609535217285
7.7940395808,0.019142866134643555
7.7940395808,0.02007603645324707
7.766694144,0.020194053649902344
7.766694144,0.021205902099609375
7.7394649376,0.018764972686767578
7.7394649376,0.019651174545288086
7.7123519616000005,0.022206783294677734
7.7123519616000005,0.01801609992980957
7.6853641567999995,0.019691944122314453
7.6853641567999995,0.023051023483276367
7.6585059935999995,0.017019033432006836
7.6585059935999995,0.02013993263244629
7.6585059935999995,0.020039081573486328
7.6317864127999995,0.026927947998046875
7.605232236799999,0.016973018646240234
7.605232236799999,0.01603412628173828
7.605232236799999,0.020221948623657227
7.578870288,0.019826889038085938
7.5527765632,0.020122051239013672
7.5527765632,0.024409055709838867
7.527076233599999,0.015239953994750977
7.527076233599999,0.020750045776367188
7.5101021248,0.020045042037963867
7.4821263616,0.01970195770263672
7.4821263616,0.02489185333251953
7.4821263616,0.014878034591674805
7.4520808032,0.020759105682373047
7.4155442240000005,0.021173954010009766
7.4155442240000005,0.01818990707397461
7.363307600000001,0.025107145309448242
7.363307600000001,0.01953887939453125
7.3191355776,0.01978302001953125
7.3191355776,0.01530599594116211
7.3191355776,0.022443056106567383
7.258034150399999,0.017641067504882812
7.258034150399999,0.021392822265625
7.258034150399999,0.01913309097290039
7.194818224,0.020164966583251953
7.194818224,0.019936084747314453
7.194818224,0.019244909286499023
7.155957036799999,0.020210981369018555
7.155957036799999,0.020563125610351562
7.3911403104,0.020727872848510742
7.3658691392,0.018848180770874023
7.3658691392,0.021947860717773438
7.3658691392,0.0202181339263916
7.340526441600001,0.01744389533996582
7.340526441600001,0.020081043243408203
7.315295504,0.019942045211791992
7.315295504,0.021315813064575195
7.2901584448,0.018751144409179688
7.2901584448,0.024623870849609375
7.265115263999999,0.015771150588989258
7.265115263999999,0.023334980010986328
7.240170431999999,0.016609907150268555
7.240170431999999,0.020893096923828125
6.9777758336,0.01984405517578125
6.9526700672,0.022680997848510742
6.9526700672,0.018023014068603516
6.9526700672,0.0214998722076416
6.9276760608,0.017457962036132812
6.9027938144,0.026842117309570312
6.9027938144,0.012943029403686523
7.141258361599999,0.022346019744873047
7.141258361599999,0.020116806030273438
7.1167695104,0.01725912094116211
7.1167695104,0.02046990394592285
7.092379008,0.019549131393432617
7.092379008,0.021623849868774414
6.8287908128,0.018074989318847656
6.804328784,0.025422096252441406
6.804328784,0.017549991607666016
6.7799695744,0.017028093338012695
6.7799695744,0.020048856735229492
6.755713184,0.02015209197998047
6.755713184,0.021836042404174805
6.7315551423999995,0.017925024032592773
6.7315551423999995,0.023634910583496094
6.70749992,0.016470909118652344
6.70749992,0.019778966903686523
6.70749992,0.020992040634155273
6.683538576,0.01938009262084961
6.683538576,0.019845962524414062
6.9242070304,0.021306991577148438
6.900536262399999,0.018741130828857422
6.900536262399999,0.02219676971435547
6.900536262399999,0.0189361572265625
6.8769593728,0.019212007522583008
6.8769593728,0.022296905517578125
6.8534718912,0.017164945602416992
6.8300648768,0.02603912353515625
6.8300648768,0.02453303337097168
6.8300648768,0.010452032089233398
6.8067472704,0.021051883697509766
6.783519072,0.022778987884521484
6.783519072,0.01553797721862793
6.760375811199999,0.03173995018005371
6.760375811199999,0.01244211196899414
6.760375811199999,0.015494108200073242
6.4953749696,0.020196914672851562
6.4722853536,0.021934032440185547
6.449289616,0.017963886260986328
6.449289616,0.020014047622680664
6.4263832864,0.02016901969909668
6.4035753055999995,0.020289897918701172
6.4035753055999995,0.01953721046447754
6.3808612032,0.021884918212890625
6.3808612032,0.018338918685913086
6.3582365088,0.01966094970703125
6.3582365088,0.019936084747314453
6.3357056928,0.020405054092407227
6.3357056928,0.02007007598876953
6.5782919488000005,0.029163837432861328
6.5782919488000005,0.016560077667236328
6.5782919488000005,0.026892900466918945
6.5782919488000005,0.009350061416625977
6.5782919488000005,0.017808914184570312
6.5558952448,0.019675016403198242
6.5558952448,0.02036118507385254
6.5335700672,0.0206298828125
6.5335700672,0.019428014755249023
6.5113342976,0.019663095474243164
6.5113342976,0.02095484733581543
6.5113342976,0.02768707275390625
6.4891834656,0.019665002822875977
6.4891834656,0.013036012649536133
6.4891834656,0.019130945205688477
6.202286604799999,0.02012801170349121
6.202286604799999,0.01970696449279785
6.202286604799999,0.0199429988861084
6.1803637632,0.020194053649902344
6.1803637632,0.019772052764892578
6.1585303296,0.01991891860961914
6.1585303296,0.019971132278442383
6.1367818336,0.02787184715270996
6.1367818336,0.014513015747070312
6.1151227456,0.01937699317932129
6.1151227456,0.018501996994018555
6.0935530656,0.021999120712280273
6.0935530656,0.01765584945678711
6.3363941344,0.02011895179748535
6.3148870399999995,0.022559165954589844
6.3148870399999995,0.01785588264465332
6.2934604128,0.019483089447021484
6.2934604128,0.02007293701171875
6.2721142528,0.02001810073852539
6.2721142528,0.020273923873901367
5.9869787296000005,0.021059036254882812
5.9869787296000005,0.024409055709838867
5.9869787296000005,0.014019966125488281
5.9659186752,0.020576000213623047
6.2085362239999995,0.01961684226989746
6.187498521599999,0.022536039352416992
6.187498521599999,0.017256975173950195
6.1665323456,0.022694110870361328
6.1665323456,0.01812291145324707
6.1456466368,0.0196530818939209
5.8618254112,0.0199739933013916
5.8618254112,0.02011704444885254
5.8618254112,0.019768953323364258
5.8618254112,0.02004098892211914
5.8412436896,0.021930932998657227
5.820742435200001,0.01938009262084961
5.820742435200001,0.01838397979736328
5.820742435200001,0.020329952239990234
5.7799768575999995,0.0282289981842041
5.7799768575999995,0.01208806037902832
5.7799768575999995,0.01979804039001465
5.759708064,0.02137303352355957
5.759708064,0.023396015167236328
5.7395152672,0.020239830017089844
5.719407408,0.02666497230529785
5.719407408,0.020748138427734375
5.719407408,0.011649847030639648
5.9608894752,0.019567012786865234
5.9407235008,0.016207218170166016
5.9407235008,0.022574901580810547
5.9206335232,0.020109891891479492
5.9206335232,0.020719051361083984
5.900615072,0.01691603660583496
5.900615072,0.019411087036132812
5.8806726176,0.022202014923095703
5.8806726176,0.018368959426879883
5.8806726176,0.019537925720214844
5.8608016896,0.020657062530517578
5.8608016896,0.022317886352539062
5.8608016896,0.02134108543395996
5.8410112288,0.01563286781311035
5.8410112288,0.020234107971191406
5.8410112288,0.019817113876342773
5.8212922944,0.02002096176147461
5.8212922944,0.021040916442871094
5.8016493568,0.019577980041503906
5.8016493568,0.019514083862304688
5.782082416000001,0.019717931747436523
5.782082416000001,0.02070307731628418
5.782082416000001,0.01977705955505371
5.7625914719999995,0.019641876220703125
5.7625914719999995,0.020051002502441406
5.7431765248,0.021322011947631836
5.7431765248,0.01858806610107422
5.7431765248,0.02013087272644043
5.7238375744,0.021286964416503906
5.7238375744,0.018863201141357422
5.7045746208,0.020201921463012695
5.6853921344,0.021396875381469727
5.6853921344,0.021470069885253906
5.6662811744,0.019310951232910156
5.6662811744,0.01765298843383789
5.6662811744,0.020223140716552734
5.647255152,0.03166604042053223
5.647255152,0.018867969512939453
5.647255152,0.009270906448364258
5.6282917152,0.022138118743896484
5.6282917152,0.018394947052001953
5.6094176864,0.019382953643798828
5.6094176864,0.019742965698242188
5.590610713599999,0.020405054092407227
5.590610713599999,0.01973700523376465
5.5718797376,0.020372867584228516
5.553229228799999,0.020145177841186523
5.553229228799999,0.01987600326538086
5.553229228799999,0.020120859146118164
5.5346502464,0.020603179931640625
5.5161517312,0.019914865493774414
5.5161517312,0.018770933151245117
5.497720272,0.020083189010620117
5.497720272,0.01999688148498535
5.242554310399999,0.02081894874572754
5.2244983648000005,0.019031047821044922
5.2244983648000005,0.020980119705200195
5.2065362976,0.01958179473876953
5.1886323456,0.019944190979003906
5.1886323456,0.019805908203125
5.4247544032,0.01976490020751953
5.4067118687999995,0.023797035217285156
5.3887095679999995,0.016512155532836914
5.3887095679999995,0.019968032836914062
5.3887095679999995,0.021612882614135742
5.370827968,0.024151086807250977
5.370827968,0.014358997344970703
5.1003106528,0.020354032516479492
5.1003106528,0.022827863693237305
5.1003106528,0.017941951751708984
5.0828090368000005,0.021605968475341797
5.0828090368000005,0.01877307891845703
5.0480963808,0.02921605110168457
5.0480963808,0.024857044219970703
5.0310686272,0.01448202133178711
5.0310686272,0.023432016372680664
5.013598303999999,0.011667966842651367
5.013598303999999,0.015980958938598633
4.9970444128,0.019906997680664062
4.9970444128,0.01910400390625
5.2331575296,0.07409286499023438
5.2064424192,0.026478052139282227
5.2064424192,0.018902063369750977
5.2064424192,0.020360946655273438
5.0819998944,0.021700143814086914
5.035901129599999,0.016614913940429688
5.035901129599999,0.021548986434936523
4.9770214911999995,0.014873027801513672
4.9770214911999995,0.020750045776367188
5.0439657312,0.029479026794433594
5.0568091904,0.019026994705200195
5.0568091904,0.010255813598632812
5.0568091904,0.020226001739501953
5.0023239552000005,0.02752518653869629
4.9696945056,0.0124359130859375
4.9696945056,0.02058696746826172
4.9646653056,0.02067708969116211
4.9646653056,0.01984691619873047
4.9488043263999995,0.025290966033935547
4.933019344,0.022448062896728516
4.933019344,0.011204004287719727
4.917301417599999,0.021797895431518555
4.917301417599999,0.018293142318725586
4.9016460768,0.020161867141723633
4.886057792,0.021564960479736328
4.886057792,0.018972158432006836
4.8705320928,0.019487857818603516
4.8705320928,0.019860029220581055
4.8550689792,0.02875995635986328
4.8396729216,0.015794038772583008
4.8396729216,0.0159151554107666
4.8166905952,0.021690845489501953
4.8166905952,0.019397974014282227
4.8166905952,0.018063068389892578
4.8166905952,0.029293060302734375
4.8166905952,0.01654505729675293
4.801451001599999,0.023818016052246094
4.7787011360000005,0.012686014175415039
4.7787011360000005,0.020055770874023438
4.7787011360000005,0.019746065139770508
4.7787011360000005,0.01808309555053711
4.763613536,0.023617029190063477
4.7485885215999994,0.016772031784057617
4.7485885215999994,0.022226810455322266
4.7261605248,0.025289058685302734
4.7261605248,0.012218952178955078
4.7112875039999995,0.020966053009033203
4.7112875039999995,0.020605087280273438
4.6964725984,0.023572921752929688
4.681720278399999,0.019324064254760742
4.681720278399999,0.023068904876708984
4.6670260736,0.030601978302001953
4.6523944543999995,0.01592397689819336
4.6523944543999995,0.01975703239440918
4.6378209504,0.013615131378173828
4.6378209504,0.01753687858581543
4.6233055616000005,0.021149158477783203
4.6233055616000005,0.013496875762939453
4.608848288,0.032588958740234375
4.608848288,0.011224031448364258
4.608848288,0.018043041229248047
4.5944536,0.019340038299560547
4.5801125568,0.021251916885375977
4.5801125568,0.018353939056396484
4.5801125568,0.019927978515625
4.5658340992,0.020161151885986328
4.5658340992,0.020791053771972656
4.5516137568,0.01980280876159668
4.5516137568,0.023107051849365234
4.5374470592,0.028558969497680664
4.5374470592,0.015691041946411133
4.5233429472,0.016494035720825195
4.5233429472,0.015510082244873047
4.50929248,0.019440889358520508
4.50929248,0.0224149227142334
4.495300128,0.02482318878173828
4.46748887552,0.03201699256896973
4.46748887552,0.023370981216430664
4.46748887552,0.006487846374511719
4.46748887552,0.011133193969726562
4.45366773984,0.020718812942504883
4.45366773984,0.02036309242248535
4.45366773984,0.021368980407714844
4.43990248416,0.017869949340820312
4.43990248416,0.02024698257446289
4.42619400256,0.01894211769104004
4.42619400256,0.02330493927001953
4.42619400256,0.01671600341796875
4.40573521696,0.034130096435546875
4.40573521696,0.017387866973876953
4.38540026144,0.012385129928588867
4.38540026144,0.029680967330932617
4.38540026144,0.00881505012512207
4.34510407584,0.0230557918548584
4.34510407584,0.027331113815307617
4.33178004864,0.015783071517944336
4.33178004864,0.02547001838684082
4.33178004864,0.006784915924072266
4.31851011328,0.01963210105895996
4.3118952624,0.04454398155212402
4.29870668832,0.019346952438354492
4.29870668832,0.015753984451293945
4.29870668832,0.013290882110595703
4.28557265312,0.008975028991699219
4.28557265312,0.018159151077270508
4.2724904745600005,0.019665002822875977
4.2724904745600005,0.02271890640258789
4.2724904745600005,0.02121591567993164
4.2724904745600005,0.01591014862060547
4.25946283488,0.030633926391601562
4.25946283488,0.009908914566040039
4.25946283488,0.02181220054626465
4.24002061824,0.026013851165771484
4.24002061824,0.01371908187866211
4.24002061824,0.02201104164123535
4.22712574944,0.01630401611328125
4.2142818432,0.0466008186340332
4.2142818432,0.015072107315063477
4.2142818432,0.017164945602416992
4.2014897935999995,0.02941107749938965
4.2014897935999995,0.008076906204223633
4.1887509417599995,0.021296024322509766
4.1887509417599995,0.018095016479492188
4.1887509417599995,0.01223897933959961
4.17606394656,0.015881061553955078
4.17606394656,0.016002893447875977
4.163427913920001,0.02009105682373047
4.163427913920001,0.0205841064453125
4.1508441849599995,0.021344900131225586
4.1508441849599995,0.02308797836303711
4.1508441849599995,0.015064001083374023
4.1383118655999995,0.019997119903564453
4.12583006176,0.031149864196777344
4.11339922048,0.04145407676696777
4.10101800064,0.02700185775756836
4.088688190399999,0.021836042404174805
4.088688190399999,0.02204418182373047
4.0764080016,0.027611970901489258
4.0764080016,0.015218019485473633
4.06417832832,0.018519878387451172
4.06417832832,0.01628899574279785
4.05199827648,0.018813133239746094
4.05199827648,0.021001815795898438
4.033820736,0.023508071899414062
4.033820736,0.020010948181152344
4.02176362016,0.019387006759643555
4.02176362016,0.016710996627807617
4.0097565728,0.021787166595458984
4.0097565728,0.017993927001953125
3.98588821312,0.03750801086425781
3.98588821312,0.021536827087402344
3.9740269007999998,0.029012203216552734
3.9622134217600005,0.018218994140625
3.9622134217600005,0.017000913619995117
3.95044867008,0.015865087509155273
3.95044867008,0.023305892944335938
3.93873130464,0.02116703987121582
3.93873130464,0.01851797103881836
3.93873130464,0.0045430660247802734
3.91543962656,0.03509688377380371
3.91543962656,0.01719808578491211
3.90386441984,0.023712873458862305
3.90386441984,0.01392817497253418
3.90386441984,0.014572858810424805
3.8923370464000002,0.016244173049926758
3.8923370464000002,0.011938810348510742
3.88085571808,0.022063016891479492
3.88085571808,0.018002033233642578
3.86942132896,0.02171015739440918
3.86942132896,0.018677949905395508
3.85803387904,0.03264498710632324
3.8466924742399997,0.025285005569458008
3.8466924742399997,0.008879899978637695
3.8466924742399997,0.02141714096069336
3.83539711456,0.023178815841674805
3.83539711456,0.019906997680664062
3.81854102432,0.014388084411621094
3.81854102432,0.014995098114013672
3.81854102432,0.019429922103881836
3.81854102432,0.019613027572631836
3.81854102432,0.023797035217285156
3.80736055392,0.0323338508605957
3.7962256816,0.03129911422729492
3.78513551328,0.017178058624267578
3.77409094304,0.03148388862609863
3.7630915238399996,0.04434394836425781
3.7630915238399996,0.020344972610473633
3.7576081312,0.019982099533081055
3.7466757679999994,0.019912004470825195
3.7466757679999994,0.022394895553588867
3.73578766176,0.0179901123046875
3.73578766176,0.020312070846557617
3.7195386518399998,0.020262956619262695
3.7195386518399998,0.021739959716796875
3.7195386518399998,0.026443958282470703
3.7033884377599997,0.01282191276550293
3.7033884377599997,0.024993181228637695
3.7033884377599997,0.013223886489868164
3.7033884377599997,0.022303104400634766
3.6926769123199996,0.030455827713012695
3.6820083027200003,0.027607202529907227
3.671383056,0.021075010299682617
3.66080206624,0.03124094009399414
3.66080206624,0.014162063598632812
3.65026443936,0.021042823791503906
3.65026443936,0.01904010772705078
3.6397692812800004,0.02402186393737793
3.6397692812800004,0.006100177764892578
3.6397692812800004,0.004209041595458984
3.6397692812800004,0.023758888244628906
3.62931569792,0.014683961868286133
3.62931569792,0.026972055435180664
3.61890592448,0.023747920989990234
3.60853772576,0.01720714569091797
3.60853772576,0.017532825469970703
3.5981592451199997,0.03218507766723633
3.5981592451199997,0.00436711311340332
3.5981592451199997,0.021803855895996094
3.59299772128,0.018043994903564453
3.5827166953600003,0.020275115966796875
3.572486632,0.034787893295288086
3.572486632,0.006499052047729492
3.56230261376,0.01929497718811035
3.56230261376,0.018989086151123047
3.55216285248,0.02731800079345703
3.54206511296,0.015440940856933594
3.54206511296,0.01942586898803711
3.53200760704,0.018925189971923828
3.52199167584,0.027534008026123047
3.52199167584,0.021313905715942383
3.51201687232,0.07823705673217773
3.50208364352,0.0222320556640625
3.49219064832,0.02147078514099121
3.49219064832,0.018909215927124023
3.48233743968,0.0185549259185791
3.48233743968,0.019598960876464844
3.4725244646399998,0.02585005760192871
3.4725244646399998,0.013809919357299805
3.4627517232000002,0.028602123260498047
3.45301921536,0.017363786697387695
3.45301921536,0.013779163360595703
3.44332649408,0.022537946701049805
3.44332649408,0.019372940063476562
3.4336731123199997,0.027575016021728516
3.42405951712,0.028612136840820312
3.42405951712,0.024946928024291992
3.41448570848,0.013455867767333984
3.41448570848,0.011982202529907227
3.41448570848,0.013721942901611328
3.40494989824,0.03310799598693848
3.40494989824,0.00890493392944336
3.3954529804799995,0.02205514907836914
3.3954529804799995,0.03427600860595703
3.38127957728,0.017946958541870117
3.38127957728,0.01935887336730957
3.37187877312,0.029246091842651367
3.3625164144,0.029785871505737305
3.3625164144,0.015535116195678711
3.3531929481600002,0.025506973266601562
3.3531929481600002,0.019238948822021484
3.34390658624,0.019942045211791992
3.34390658624,0.027326107025146484
3.33465777568,0.04006695747375488
3.32544741056,0.016212940216064453
3.32544741056,0.02324390411376953
3.3162745967999996,0.0344851016998291
3.30713844032,0.05728292465209961
3.29350550848,0.02595806121826172
3.29350550848,0.018996000289916992
3.29350550848,0.015831947326660156
3.2844623363200003,0.02213907241821289
3.2844623363200003,0.02675795555114746
3.27545582144,0.020733118057250977
3.27545582144,0.02037191390991211
3.26648596384,0.02242588996887207
3.26648596384,0.013639211654663086
3.26648596384,0.015017986297607422
3.26201466976,0.01841282844543457
3.2530997980799996,0.021018028259277344
3.2530997980799996,0.018780946731567383
3.2442206895999997,0.023252010345458984
3.2442206895999997,0.01807999610900879
3.23537779136,0.02713799476623535
3.2265715503999997,0.016996145248413086
3.2265715503999997,0.019479036331176758
3.21780107264,0.015735864639282227
3.21780107264,0.02004218101501465
3.209065464,0.019234895706176758
3.209065464,0.022125959396362305
3.20036695968,0.018268108367919922
3.20036695968,0.021263837814331055
3.20036695968,0.021740198135375977
3.19170287744,0.02413797378540039
3.19170287744,0.0157928466796875
3.1830745584,0.017503023147583008
3.1830745584,0.02044510841369629
3.1787731395199996,0.021001815795898438
3.17019667712,0.026823043823242188
3.17019667712,0.018965959548950195
3.1616559779199997,0.015777111053466797
3.1616559779199997,0.018718957901000977
3.1616559779199997,0.021197080612182617
3.1362404128,0.04998493194580078
3.12783740192,0.029621124267578125
3.1194692601600003,0.022215843200683594
3.1111346464,0.02523207664489746
3.1111346464,0.0244140625
3.1111346464,0.009419918060302734
3.10283400768,0.018997907638549805
3.10283400768,0.02000713348388672
3.0904456352,0.020684003829956055
3.0904456352,0.01960587501525879
3.08222859296,0.04269218444824219
3.0740450787199998,0.027334928512573242
3.0740450787199998,0.006608009338378906
3.0740450787199998,0.016208887100219727
3.06589509248,0.031018972396850586
3.05777863424,0.02377915382385254
3.05777863424,0.012042999267578125
3.0496952569599998,0.02314901351928711
3.0496952569599998,0.008816957473754883
3.0496952569599998,0.01697397232055664
3.0416445135999997,0.025140047073364258
3.0416445135999997,0.015017986297607422
3.03362640416,0.02718806266784668
3.02564137568,0.01915287971496582
3.02564137568,0.025012969970703125
3.01768808704,0.021286964416503906
3.00976787936,0.02445816993713379
3.00976787936,0.01792001724243164
3.00976787936,0.010396957397460938
3.00582051616,0.021899938583374023
3.00582051616,0.012764930725097656
2.99794814176,0.011134147644042969
2.99794814176,0.022229909896850586
2.9901075072,0.01957106590270996
2.9901075072,0.029078960418701172
2.98229950656,0.018394947052001953
2.97452324576,0.021641016006469727
2.97452324576,0.023411035537719727
2.96677783072,0.017868995666503906
2.96677783072,0.0106201171875
2.96677783072,0.01868295669555664
2.96677783072,0.022636890411376953
2.9590646025600003,0.018197059631347656
2.9513826672,0.027721881866455078
2.9513826672,0.012824058532714844
2.9437320246399996,0.02425694465637207
2.9437320246399996,0.021061182022094727
2.93611267488,0.01944589614868164
2.93611267488,0.019516944885253906
2.93611267488,0.017727136611938477
2.9171979654399998,0.05225086212158203
2.9171979654399998,0.025449037551879883
2.9096872464,0.020125150680541992
2.9096872464,0.021255970001220703
2.90220558496,0.024729013442993164
2.90220558496,0.013738870620727539
2.89475566336,0.029439926147460938
2.89475566336,0.014469146728515625
2.8873352463999997,0.019461870193481445
2.8873352463999997,0.016946077346801758
2.88363643744,0.019901037216186523
2.88363643744,0.0208280086517334
2.87258560864,0.019315004348754883
2.87258560864,0.02459096908569336
2.8652559408,0.017555952072143555
2.8652559408,0.017445087432861328
2.8579557776,0.029407978057861328
2.8579557776,0.012588024139404297
2.8579557776,0.028831958770751953
2.85068511904,0.013290882110595703
2.8434448592,0.033280134201049805
2.8434448592,0.027040958404541016
2.8290519593599996,0.03979611396789551
2.8290519593599996,0.0211489200592041
2.82189887232,0.02285909652709961
2.82189887232,0.017982959747314453
2.8147757369599997,0.03218483924865723
2.8147757369599997,0.016251087188720703
2.8147757369599997,0.01610589027404785
2.80768076512,0.015371084213256836
2.80768076512,0.020537137985229492
2.80061529792,0.022933006286621094
2.80061529792,0.016820907592773438
2.7935775472,0.019195079803466797
2.7935775472,0.02086496353149414
2.7935775472,0.019264936447143555
2.78656930112,0.019483089447021484
2.78656930112,0.020045995712280273
2.78307568352,0.02017998695373535
2.77610990624,0.023964881896972656
2.77610990624,0.015744924545288086
2.76917229248,0.022881031036376953
2.76917229248,0.017564058303833008
2.7622632892800003,0.024697065353393555
2.7622632892800003,0.0150299072265625
2.7622632892800003,0.02014017105102539
2.75195186464,0.019974946975708008
2.75195186464,0.03847694396972656
2.75195186464,0.010658979415893555
2.7485293264,0.01493692398071289
2.7485293264,0.025184154510498047
2.74170391968,0.023579835891723633
2.74170391968,0.018613100051879883
2.7349071235199998,0.018932104110717773
2.7281371497599998,0.04372286796569824
2.7281371497599998,0.019843101501464844
2.7213948924799998,0.02678394317626953
2.71803404576,0.024415016174316406
2.71803404576,0.024499893188476562
2.70465860896,0.04791116714477539
2.6980115712,0.04279589653015137
2.6913918028799997,0.02703094482421875
2.6913918028799997,0.017138957977294922
2.6913918028799997,0.017043113708496094
2.68479885696,0.036856889724731445
2.6782322864,0.03135204315185547
2.67169253824,0.01533198356628418
2.67169253824,0.023000001907348633
2.66518005952,0.015944957733154297
2.66518005952,0.024622201919555664
2.66518005952,0.011744022369384766
2.6586944032,0.02526092529296875
2.6586944032,0.02261495590209961
2.6522346752,0.02265310287475586
2.64580087552,0.012045860290527344
2.64580087552,0.02043914794921875
2.64580087552,0.013702869415283203
2.64580087552,0.01873302459716797
2.6393934512,0.020570039749145508
2.6393934512,0.021049022674560547
2.6393934512,0.015761852264404297
2.6298312656,0.039952993392944336
2.6298312656,0.018937110900878906
2.62348910912,0.026156902313232422
2.62348910912,0.01264500617980957
2.6171728809599997,0.026757001876831055
2.61088168704,0.037728071212768555
2.6046164214400003,0.0277559757232666
2.6046164214400003,0.018624067306518555
2.59837663712,0.024719953536987305
2.59837663712,0.018564939498901367
2.59216278112,0.02406597137451172
2.59216278112,0.022071123123168945
2.5859735123200003,0.03765988349914551
2.5798101718399997,0.024355173110961914
2.5798101718399997,0.013216972351074219
2.57367097152,0.02174687385559082
2.57367097152,0.009448051452636719
2.56755725248,0.03642010688781738
2.5614681206400003,0.04081583023071289
2.5614681206400003,0.028434038162231445
2.5554035760000002,0.027014970779418945
2.5554035760000002,0.03669404983520508
2.5493640656000003,0.03124094009399414
2.5493640656000003,0.02793717384338379
2.54334958944,0.03220391273498535
2.54334958944,0.0237429141998291
2.5373588064,0.011399984359741211
2.52841934752,0.04077601432800293
2.52841934752,0.02246713638305664
2.5224889148800003,0.020908832550048828
2.5224889148800003,0.022524118423461914
2.51658351648,0.020267009735107422
2.51070225824,0.025050878524780273
2.51070225824,0.015079021453857422
2.50484469312,0.020586013793945312
2.50484469312,0.023712158203125
2.49901082112,0.016098976135253906
2.49901082112,0.019650936126708984
2.4932006422399997,0.023550033569335938
2.4932006422399997,0.02225208282470703
2.48741460352,0.01703476905822754
2.48741460352,0.019790172576904297
2.48165225792,0.022433996200561523
2.48165225792,0.02407693862915039
2.48165225792,0.010842084884643555
2.4759131584,0.020210981369018555
2.47019685792,0.019832849502563477
2.46450425056,0.021766185760498047
2.46450425056,0.021199941635131836
2.4588348892800003,0.023432016372680664
2.4588348892800003,0.017899036407470703
2.4588348892800003,0.018620967864990234
2.45318877408,0.020303964614868164
2.44196449376,0.031317949295043945
2.44196449376,0.012349128723144531
2.44196449376,0.0217130184173584
2.4391727289599996,0.03029799461364746
2.43360618688,0.024153947830200195
2.42806244384,0.03398585319519043
2.42806244384,0.020366191864013672
2.4225410527999998,0.016047000885009766
2.4225410527999998,0.02282094955444336
2.4225410527999998,0.012914896011352539
2.4170424608,0.023641109466552734
2.4170424608,0.016901016235351562
2.4115662208,0.0337369441986084
2.4061118857599997,0.02112293243408203
2.40067990272,0.028074026107788086
2.40067990272,0.01423501968383789
2.39526982464,0.029278993606567383
2.39526982464,0.011334896087646484
2.39526982464,0.01739501953125
2.39526982464,0.028283119201660156
2.3898820985600002,0.02815699577331543
2.3898820985600002,0.017845869064331055
2.37917191424,0.018554210662841797
2.37917191424,0.00775599479675293
2.37917191424,0.029332876205444336
2.37917191424,0.022331953048706055
2.373849456,0.03208208084106445
2.373849456,0.022108078002929688
2.3711962736,0.01960301399230957
2.3659064492799997,0.026525020599365234
2.36063852992,0.016739845275878906
2.36063852992,0.022357940673828125
2.35539206848,0.03934216499328613
2.34496262528,0.04171895980834961
2.34496262528,0.01819586753845215
2.33977964352,0.023370027542114258
2.33977964352,0.013731002807617188
2.33461767264,0.031126022338867188
2.33461767264,0.01644301414489746
2.33461767264,0.01342010498046875
2.32947671264,0.016244888305664062
2.32947671264,0.010107994079589844
2.32947671264,0.0221560001373291
2.3243576576,0.020620107650756836
2.3243576576,0.018558979034423828
2.31925871936,0.021172046661376953
2.31417989792,0.034416913986206055
2.31417989792,0.02379894256591797
2.31417989792,0.015494108200073242
2.3091220873599996,0.018477916717529297
2.3091220873599996,0.02662801742553711
2.30408484064,0.013209104537963867
2.30408484064,0.017485857009887695
2.30408484064,0.017132997512817383
2.301574264,0.022171974182128906
2.301574264,0.014700174331665039
2.29656786304,0.024361848831176758
2.29656786304,0.012998104095458984
2.28909648352,0.016901016235351562
2.28909648352,0.02442789077758789
2.28909648352,0.011194944381713867
2.28909648352,0.019973039627075195
2.28414104512,0.02071213722229004
2.27920527648,0.022835969924926758
2.27920527648,0.022207975387573242
2.27428962464,0.022404909133911133
2.2693945366399997,0.03374814987182617
2.2669541452799997,0.035199880599975586
2.26208900896,0.06314802169799805
2.26208900896,0.0215299129486084
2.2572435424,0.022071123123168945
2.2572435424,0.019363880157470703
2.25241729856,0.018536090850830078
2.25241729856,0.025207042694091797
2.2476102774399997,0.013665914535522461
2.2476102774399997,0.028486967086791992
2.24282337312,0.014464139938354492
2.24282337312,0.020100831985473633
2.24282337312,0.016720056533813477
2.24282337312,0.02039504051208496
2.24282337312,0.020899057388305664
2.23805613856,0.019361019134521484
2.23805613856,0.027124881744384766
2.23805613856,0.012542009353637695
2.23330857376,0.01998615264892578
2.23330857376,0.020987987518310547
2.23330857376,0.022986888885498047
2.23330857376,0.01572394371032715
2.22857978464,0.02058696746826172
2.22857978464,0.01967620849609375
2.2262229897599997,0.0201718807220459
2.2262229897599997,0.023999929428100586
2.22152325824,0.020229101181030273
2.2168427494399996,0.026074886322021484
2.2168427494399996,0.019794225692749023
2.2168427494399996,0.018124818801879883
2.21218101632,0.015007972717285156
2.21218101632,0.021833181381225586
2.20753805888,0.014882802963256836
2.20753805888,0.023023128509521484
2.2052237328,0.017154932022094727
2.20060983296,0.021311044692993164
2.20060983296,0.01902604103088379
2.20060983296,0.027247905731201172
2.19601381472,0.020055055618286133
2.19143746624,0.018259048461914062
2.19143746624,0.021970033645629883
2.19143746624,0.015353918075561523
2.1868794464,0.023647069931030273
2.1868794464,0.01706695556640625
2.18233930816,0.04765892028808594
2.18233930816,0.02005910873413086
2.1800768387200002,0.021515846252441406
2.17556531104,0.014942169189453125
2.17556531104,0.022960901260375977
2.17556531104,0.012009143829345703
2.17107077088,0.045343875885009766
2.16659590048,0.046051979064941406
2.1621389116799996,0.02111196517944336
2.1621389116799996,0.01536703109741211
2.1621389116799996,0.015073060989379883
2.1621389116799996,0.012538909912109375
2.1599175699199997,0.02779412269592285
2.1554882976000003,0.02502298355102539
2.1554882976000003,0.024410009384155273
2.1554882976000003,0.022623062133789062
2.1510760128,0.02842092514038086
2.1510760128,0.008740901947021484
2.1510760128,0.008043050765991211
2.1510760128,0.026827096939086914
2.14668205664,0.028807878494262695
2.14230598208,0.031397104263305664
2.14230598208,0.020180940628051758
2.14230598208,0.030643939971923828
2.13794823616,0.039483070373535156
2.13794823616,0.014832019805908203
2.13360747776,0.016167879104614258
2.13360747776,0.017327070236206055
2.12928415392,0.012993097305297852
2.12928415392,0.01971602439880371
2.12928415392,0.016806840896606445
2.12497871168,0.024476051330566406
2.12497871168,0.020427942276000977
2.12283247264,0.023082971572875977
2.11855429984,0.015810012817382812
2.11855429984,0.020064115524291992
2.11429222048,0.03287506103515625
2.11004802272,0.017245769500732422
2.11004802272,0.029288053512573242
2.1079317353600002,0.02278304100036621
2.1037134659200003,0.01547098159790039
2.1037134659200003,0.02744913101196289
2.0995126310399996,0.024763822555541992
2.0995126310399996,0.023205041885375977
2.09532878368,0.027693986892700195
2.09116192384,0.02639007568359375
2.09116192384,0.02797102928161621
2.0849435974399997,0.04501605033874512
2.0808183123200004,0.02041792869567871
2.0767104617600003,0.0331568717956543
2.0767104617600003,0.01779317855834961
2.0767104617600003,0.02314901351928711
2.07261870464,0.03263592720031738
2.06854393504,0.019748926162719727
2.06448615296,0.024605989456176758
2.06044491136,0.05014395713806152
2.06044491136,0.024746179580688477
2.0564197632,0.016028881072998047
2.0564197632,0.027196168899536133
2.05241160256,0.028533935546875
2.05241160256,0.01879286766052246
2.04642931328,0.02988409996032715
2.04642931328,0.02800297737121582
2.04048323424,0.021670103073120117
2.04048323424,0.029102802276611328
2.04048323424,0.02057504653930664
2.0365394473599996,0.019436120986938477
2.0365394473599996,0.021879911422729492
2.0306546128,0.03333711624145508
2.0267506124800003,0.02532482147216797
2.0267506124800003,0.022265195846557617
2.0228627055999997,0.030096769332885742
2.0228627055999997,0.015078067779541016
2.0189904451199996,0.03558802604675293
2.01513427808,0.0321810245513916
2.01513427808,0.026419878005981445
2.01129375744,0.04327201843261719
2.00937953216,0.020637035369873047
2.00556270464,0.023467063903808594
2.0017610764800002,0.035433053970336914
2.0017610764800002,0.018537044525146484
1.99797464768,0.02805495262145996
1.99420431232,0.01793193817138672
1.99044872928,0.03195905685424805
1.99044872928,0.02134394645690918
1.99044872928,0.0169830322265625
1.98670879264,0.024560928344726562
1.98670879264,0.016456127166748047
1.98298405536,0.03031301498413086
1.98298405536,0.019407987594604492
1.97927451744,0.02625894546508789
1.97742556,0.025384902954101562
1.97190059264,0.03231000900268555
1.97190059264,0.03248405456542969
1.96823575872,0.018871068954467773
1.96458612416,0.03269505500793457
1.9591393887999997,0.03872489929199219
1.9555268585599999,0.031755924224853516
1.95192908064,0.035711050033569336
1.948345608,0.021966934204101562
1.9447773347199997,0.054373979568481445
1.9412229196800002,0.030985116958618164
1.93768325696,0.025166034698486328
1.93768325696,0.02269291877746582
1.93768325696,0.01859593391418457
1.9324010323199998,0.03607320785522461
1.9324010323199998,0.042250871658325195
1.9288971328,0.02676701545715332
1.9288971328,0.01419210433959961
1.9288971328,0.043254852294921875
1.9288971328,0.027760028839111328
1.9254075385599998,0.04699993133544922
1.9219322496,0.04487419128417969
1.9219322496,0.04359292984008789
1.9184712659199998,0.026020050048828125
1.9184712659199998,0.026295900344848633
1.9150241404800001,0.02111506462097168
1.9115908732799998,0.024461984634399414
1.9115908732799998,0.022532939910888672
1.9081723584,0.034739017486572266
1.9047668076800002,0.029181957244873047
1.9047668076800002,0.021903038024902344
1.9013760092799998,0.02917194366455078
1.8979981750400001,0.01777505874633789
1.8979981750400001,0.02513909339904785
1.89463464608,0.023973941802978516
1.89128452832,0.01919698715209961
1.88961483392,0.03147697448730469
1.88628528,0.021600008010864258
1.88296913728,0.02593207359313965
1.88296913728,0.01883101463317871
1.8780204044800002,0.020714998245239258
1.8780204044800002,0.022836923599243164
1.8780204044800002,0.022037029266357422
1.87637753248,0.02295088768005371
1.8731020703999999,0.027944087982177734
1.8682132409599999,0.027836084365844727
1.8682132409599999,0.012743949890136719
1.8649708598399997,0.03274083137512207
1.8617418899199998,0.029015064239501953
1.8617418899199998,0.01304006576538086
1.8585254371200002,0.037564992904663086
1.85532284256,0.0336000919342041
1.85054309088,0.019948959350585938
1.85054309088,0.022665977478027344
1.85054309088,0.039723873138427734
1.85054309088,0.02656698226928711
1.8473726832000001,0.02089715003967285
1.8426412118399997,0.05058884620666504
1.839502544,0.03804612159729004
1.83637684032,0.04286503791809082
1.8332641008000001,0.03529000282287598
1.8301638784,0.04917407035827637
1.8270766201600002,0.028416872024536133
1.8240014319999998,0.03666090965270996
1.8240014319999998,0.034542083740234375
1.8209392079999998,0.03143191337585449
1.81788905408,0.03451800346374512
1.81788905408,0.012539148330688477
1.81485141728,0.025478839874267578
1.81485141728,0.028057098388671875
1.81182585056,0.033067941665649414
1.8088132479999999,0.023075103759765625
1.8088132479999999,0.019221067428588867
1.8058127155200001,0.021586894989013672
1.8058127155200001,0.018769025802612305
1.8028247001599997,0.018475055694580078
1.8028247001599997,0.019055843353271484
1.7998478608,0.028537988662719727
1.7968839856,0.031171083450317383
1.7968839856,0.027009963989257812
1.7968839856,0.032334089279174805
1.79393218048,0.03173398971557617
1.7909924454400001,0.020375967025756836
1.7909924454400001,0.02143406867980957
1.7909924454400001,0.02758193016052246
1.78806433344,0.01904892921447754
1.78806433344,0.0262601375579834
1.78514784448,0.02533102035522461
1.7822434256,0.02036595344543457
1.77074421568,0.11021995544433594
1.76789880608,0.04513907432556152
1.76789880608,0.024405956268310547
1.76365237312,0.030350923538208008
1.76365237312,0.02488398551940918
1.76365237312,0.02307295799255371
1.75519616448,0.06197404861450195
1.7510257283200001,0.058294057846069336
1.74550523136,0.0765531063079834
1.74550523136,0.035533905029296875
1.74276219392,0.03177690505981445
1.73595332768,0.05372810363769531
1.7305562137600001,0.045683860778808594
1.72787397376,0.048388004302978516
1.7238711776,0.03458404541015625
1.71857241248,0.04428410530090332
1.71857241248,0.029820919036865234
1.7159388998399998,0.03215813636779785
1.7159388998399998,0.011950016021728516
1.7159388998399998,0.020170927047729492
1.7159388998399998,0.03519892692565918
1.71331611616,0.0205991268157959
1.71331611616,0.03784298896789551
1.70940228096,0.03712296485900879
1.70680631968,0.028877973556518555
1.70680631968,0.01912689208984375
1.70422108736,0.02443408966064453
1.70422108736,0.021986007690429688
1.701646584,0.02378702163696289
1.701646584,0.028189897537231445
1.6990819155199999,0.02388906478881836
1.6990819155199999,0.014632940292358398
1.69652842304,0.03262209892272949
1.69398476544,0.02750992774963379
1.69145138976,0.02241206169128418
1.69145138976,0.03090500831604004
1.688928296,0.02335500717163086
1.688928296,0.01861286163330078
1.68767077248,0.03467607498168945
1.68516332512,0.017481088638305664
1.68516332512,0.032266855239868164
1.6826661596799999,0.02381300926208496
1.6826661596799999,0.020949125289916992
1.68017882912,0.03029489517211914
1.6777017804799998,0.026983976364135742
1.6777017804799998,0.020536184310913086
1.6752345667200002,0.020267963409423828
1.6752345667200002,0.020782947540283203
1.67277808192,0.019084930419921875
1.67277808192,0.03006911277770996
1.67155319232,0.03037405014038086
1.66911145984,0.03520679473876953
1.66911145984,0.019997119903564453
1.66667956224,0.029033899307250977
1.66667956224,0.025259971618652344
1.66425749952,0.0370640754699707
1.66184571872,0.022043943405151367
1.66184571872,0.031085968017578125
1.65944332576,0.031100034713745117
1.65705076768,0.02137017250061035
1.65466804448,0.04474687576293945
1.65466804448,0.026430130004882812
1.6522951561600001,0.03858780860900879
1.6522951561600001,0.01201319694519043
1.64993120864,0.01526188850402832
1.64993120864,0.02367401123046875
1.64875325824,0.03359103202819824
1.64640451008,0.0415959358215332
1.6440651497599998,0.025529146194458008
1.64173473024,0.031235933303833008
1.6394145926400001,0.027714014053344727
1.6394145926400001,0.011800050735473633
1.63710339584,0.04316997528076172
1.63480203392,0.035524845123291016
1.63251005984,0.04260706901550293
1.63251005984,0.018735885620117188
1.6302270265599998,0.025234222412109375
1.6302270265599998,0.020784854888916016
1.62795382816,0.027529001235961914
1.62795382816,0.025819063186645508
1.6256895705599999,0.03895306587219238
1.62456079456,0.028381824493408203
1.6223108422399999,0.01710796356201172
1.6223108422399999,0.03226208686828613
1.62006938368,0.021397113800048828
1.62006938368,0.021696805953979492
1.61783731296,0.027296066284179688
1.61783731296,0.023250102996826172
1.6156137359999998,0.02537703514099121
1.6133999939199999,0.040318965911865234
1.6122966992,0.032570838928222656
1.61009547424,0.02778315544128418
1.61009547424,0.0367128849029541
1.60790408416,0.015346050262451172
1.60790408416,0.014430999755859375
1.60790408416,0.02069401741027832
1.6057211878400002,0.013537883758544922
1.6057211878400002,0.014020204544067383
1.60354723232,0.024045944213867188
1.60354723232,0.014633893966674805
1.6013822176,0.024532079696655273
1.6013822176,0.014970064163208008
1.5992261436800002,0.023357868194580078
1.5992261436800002,0.02892899513244629
1.59707856352,0.04481697082519531
1.59493992416,0.01693415641784668
1.59493992416,0.025640010833740234
1.5917485055999998,0.020246028900146484
1.5917485055999998,0.0257108211517334
1.58963132416,0.023949146270751953
1.58963132416,0.013358831405639648
1.5875230835199998,0.026772022247314453
1.5875230835199998,0.020038127899169922
1.58542333664,0.014261007308959961
1.58542333664,0.022016048431396484
1.58333253056,0.02244877815246582
1.58333253056,0.01679706573486328
1.58229003328,0.026108980178833008
1.58021174432,0.018579959869384766
1.58021174432,0.023809194564819336
1.57814150208,0.01479792594909668
1.57814150208,0.02105402946472168
1.57814150208,0.01488804817199707
1.5760797536,0.017583847045898438
1.5760797536,0.01805710792541504
1.57402694592,0.020416975021362305
1.57402694592,0.02007603645324707
1.57198173792,0.01937103271484375
1.56994547072,0.019937992095947266
1.56994547072,0.022499799728393555
1.56893068992,0.024007081985473633
1.56489078944,0.048388004302978516
1.56088352288,0.06058907508850098
1.55789953088,0.05011487007141113
1.55592003776,0.025390148162841797
1.55394948544,0.030195951461791992
1.55394948544,0.026774883270263672
1.5500316268799998,0.04857301712036133
1.54711424384,0.0315251350402832
1.54711424384,0.035639047622680664
1.54517856064,0.02864980697631836
1.54517856064,0.026722192764282227
1.5432513712,0.03212094306945801
1.5413322284800002,0.025653839111328125
1.5394202384,0.0270230770111084
1.53751674208,0.03660893440246582
1.53562084544,0.03584408760070801
1.53373210144,0.037568092346191406
1.5318518512,0.02520298957824707
1.5318518512,0.03412795066833496
1.5299787536,0.018498897552490234
1.5299787536,0.019507169723510742
1.5281132556800001,0.023344993591308594
1.5262549103999998,0.016162872314453125
1.5262549103999998,0.014482975006103516
1.52440505888,0.023030996322631836
1.52440505888,0.022637128829956055
1.5225619129599999,0.02621293067932129
1.5225619129599999,0.01984691619873047
1.52072636672,0.020509004592895508
1.52072636672,0.0195159912109375
1.52072636672,0.02344512939453125
1.51889842016,0.01682901382446289
1.51707807328,0.03209090232849121
1.51707807328,0.02843308448791504
1.51526487904,0.011831998825073242
1.5134592844799999,0.029594898223876953
1.5134592844799999,0.01910710334777832
1.5116612896,0.028548002243041992
1.5098700003199998,0.038912057876586914
1.5098700003199998,0.041731834411621094
1.50719714816,0.02695608139038086
1.50719714816,0.033579111099243164
1.50542418752,0.034895896911621094
1.50365837952,0.04468989372253418
1.5019001712,0.026887178421020508
1.50102352576,0.03828597068786621
1.4992760464,0.02912306785583496
1.4992760464,0.02558588981628418
1.49753527264,0.03815603256225586
1.49407563008,0.032837867736816406
1.4889382464,0.06159400939941406
1.4855478950399998,0.03968620300292969
1.4855478950399998,0.01769399642944336
1.4855478950399998,0.02235579490661621
1.48386344832,0.03340506553649902
1.48386344832,0.0237429141998291
1.4805142246399998,0.09342622756958008
1.4805142246399998,0.04188084602355957
1.4805142246399998,0.03823494911193848
1.4805142246399998,0.10890817642211914
1.4805142246399998,0.04624581336975098
1.47885034176,0.03187108039855957
1.47885034176,0.024917125701904297
1.47885034176,0.053250789642333984
1.47719271744,0.0375211238861084
1.47719271744,0.026725053787231445
1.47719271744,0.02573680877685547
1.47719271744,0.04606223106384277
1.47554179872,0.06439590454101562
1.47554179872,0.045651912689208984
1.4738975856,0.03313112258911133
1.47226007808,0.055238962173461914
1.47226007808,0.029594898223876953
1.47226007808,0.032952070236206055
1.4706297232,0.04562091827392578
1.4706297232,0.07073020935058594
1.4706297232,0.055342912673950195
1.46738823616,0.113861083984375
1.4657771039999998,0.0697488784790039
1.46417267744,0.08379197120666504
1.46417267744,0.1350390911102295
1.46257540352,0.02043294906616211
1.46257540352,0.03761410713195801
1.46257540352,0.03574681282043457
1.46257540352,0.07082700729370117
1.4609839411199999,0.14842700958251953
1.4609839411199999,0.05778002738952637
1.45939873728,0.11441993713378906
